<?xml version="1.0" encoding="UTF-8"?>
<beans xmlns="http://www.springframework.org/schema/beans"
    xmlns:cxf="http://camel.apache.org/schema/cxf"
    xmlns:xsi="http://www.w3.org/2001/XMLSchema-instance" xsi:schemaLocation="        http://www.springframework.org/schema/beans http://www.springframework.org/schema/beans/spring-beans.xsd           http://camel.apache.org/schema/cxf http://camel.apache.org/schema/cxf/camel-cxf.xsd http://camel.apache.org/schema/spring http://camel.apache.org/schema/spring/camel-spring.xsd">
    <cxf:rsServer address="/test" id="rsUserDetails" serviceClass="com.test.training.rest.userdetails.UserDetailsRestService"/>
   
    <cxf:cxfEndpoint endpointName="address:userAddressPort"
        id="addressEndpoint" serviceName="address:userAddressService"
        wsdlURL="http://localhost:8181/cxf/address?wsdl" xmlns:address="http://com.test.training/useraddress">
        <cxf:properties>
            <entry key="dataFormat" value="PAYLOAD"/>
        </cxf:properties>
    </cxf:cxfEndpoint>
    <camelContext id="UserDetailsRest" xmlns="http://camel.apache.org/schema/spring">
        <propertyPlaceholder id="properties" location="prop/app.properties"/>
        <packageScan>
            <package>com.test.training.rest.userdetails</package>
        </packageScan>
    </camelContext>
</beans>
