<?xml version="1.0" encoding="UTF-8"?>
<!-- Configures the Camel Context -->
<beans xmlns="http://www.springframework.org/schema/beans"
    xmlns:cxf="http://camel.apache.org/schema/cxf"
    xmlns:xsi="http://www.w3.org/2001/XMLSchema-instance" xsi:schemaLocation="        http://www.springframework.org/schema/beans http://www.springframework.org/schema/beans/spring-beans.xsd           http://camel.apache.org/schema/cxf http://camel.apache.org/schema/cxf/camel-cxf.xsd http://camel.apache.org/schema/spring http://camel.apache.org/schema/spring/camel-spring.xsd">
    <cxf:cxfEndpoint address="/user" endpointName="user:UserDetailsPort"
        id="userDetailsEndpoint"
        serviceClass="com.test.training.userdetails.UserDetailsService"
        serviceName="user:UserDetailsService" xmlns:user="http://com.test.training/userdetails">
        <cxf:properties>
            <entry key="dataFormat" value="PAYLOAD"/>
        </cxf:properties>
    </cxf:cxfEndpoint>
    <camelContext id="userDetailsContext" xmlns="http://camel.apache.org/schema/spring">
        <packageScan>
            <package>com.test.training.userdetails</package>
        </packageScan>
    </camelContext>
</beans>
